Date Time UTC;T - Actual [°C];T - Average [°C];RH - Actual [%];RH - Average [%];CO2 - Actual [ppm];CO2 - Average [ppm];PAR - Actual [µmol/m²/s];PAR - Average [µmol/m²/s]
8/13/2019 07:01:48;22.3199023199023;22.3174603174603;43.9316239316239;43.968253968254;416.361416361416;418.925518925519;-4.85;-4.85
8/13/2019 07:02:48;22.3199023199023;22.3186813186813;44.2735042735043;44.3272283272283;416.361416361416;420.14652014652;-4.85;-4.85
8/13/2019 07:03:48;22.3199023199023;22.3199023199023;44.2490842490842;44.1807081807082;416.361416361416;416.117216117216;-4.85;-4.85
8/13/2019 07:04:48;22.3199023199023;22.3199023199023;44.1758241758242;44.2442002442002;417.582417582418;420.14652014652;-4.85;-4.85
8/13/2019 07:05:48;22.3199023199023;22.3199023199023;44.2735042735043;44.2515262515262;417.582417582418;419.65811965812;-4.85;-4.85
8/13/2019 07:06:48;22.3199023199023;22.3211233211233;44.3711843711844;44.2246642246642;422.466422466423;422.100122100122;-4.85;-4.85
8/13/2019 07:07:48;22.3199023199023;22.3186813186813;44.4444444444444;44.4566544566544;423.687423687424;424.542124542124;-4.85;-4.85
8/13/2019 07:08:48;22.3199023199023;22.3174603174603;44.1758241758242;44.2759462759463;427.350427350427;426.617826617827;-4.85;-4.85
8/13/2019 07:09:48;22.3076923076923;22.3162393162393;44.4200244200244;44.2417582417582;422.466422466423;423.931623931624;-4.85;-4.85
8/13/2019 07:10:54;22.3199023199023;22.3247863247863;44.8840048840049;44.6105006105006;422.466422466423;421.978021978022;-4.85;-4.7816
8/13/2019 07:11:54;22.3199023199023;22.3223443223443;44.3711843711844;44.4981684981685;413.919413919414;415.384615384615;-4.85;-4.8158
8/13/2019 07:13:00;22.3443223443223;22.3272283272283;44.1758241758242;44.2246642246642;421.245421245421;420.39072039072;-4.85;-4.85
8/13/2019 07:14:00;22.3199023199023;22.3223443223443;44.1514041514042;44.2368742368742;421.245421245421;421.489621489621;-4.85;-4.85
8/13/2019 07:15:00;22.3199023199023;22.3223443223443;44.1758241758242;44.3223443223443;420.02442002442;425.518925518926;-4.85;-4.85
8/13/2019 07:16:00;22.3199023199023;22.3186813186813;44.2735042735043;44.1660561660562;426.129426129426;421.367521367521;-4.85;-4.85
8/13/2019 07:17:00;22.3076923076923;22.3162393162393;44.3956043956044;44.4810744810745;422.466422466423;422.954822954823;-4.85;-4.7816
8/13/2019 07:18:00;22.3199023199023;22.3174603174603;44.3711843711844;44.3296703296703;420.02442002442;423.443223443223;-4.85;-4.85
8/13/2019 07:19:00;22.3076923076923;22.3137973137973;44.4444444444444;44.4932844932845;417.582417582418;420.879120879121;-4.85;-4.85
8/13/2019 07:20:00;22.3199023199023;22.3150183150183;44.2735042735043;44.3443223443223;420.02442002442;422.344322344322;-4.85;-4.85
8/13/2019 07:21:00;22.3076923076923;22.3137973137973;44.1514041514042;44.1929181929182;421.245421245421;419.90231990232;-4.85;-4.8158
8/13/2019 07:22:00;22.3076923076923;22.3150183150183;45.006105006105;44.5982905982906;417.582417582418;420.879120879121;-4.85;-4.85
8/13/2019 07:23:00;22.3199023199023;22.3162393162393;44.5665445665446;44.9328449328449;427.350427350427;426.007326007326;-4.85;-4.85
8/13/2019 07:24:00;22.3076923076923;22.3137973137973;44.3711843711844;44.4249084249084;427.350427350427;429.059829059829;-4.85;-4.85
8/13/2019 07:25:00;22.3076923076923;22.3162393162393;44.3956043956044;44.3638583638584;426.129426129426;426.007326007326;-4.508;-4.8158
8/13/2019 07:26:00;22.3199023199023;22.3162393162393;44.2979242979243;44.3858363858364;423.687423687424;423.687423687424;-4.85;-4.8158
8/13/2019 07:27:00;22.3199023199023;22.3150183150183;44.6398046398046;44.3956043956044;420.02442002442;421.855921855922;-4.85;-4.85
8/13/2019 07:28:00;22.3199023199023;22.3199023199023;44.6398046398046;44.8058608058608;421.245421245421;420.02442002442;-4.85;-4.85
8/13/2019 07:29:00;22.3199023199023;22.3186813186813;44.5177045177045;44.5299145299145;433.455433455433;421.978021978022;-4.85;-4.7132
8/13/2019 07:30:00;22.3199023199023;22.3150183150183;45.1526251526252;44.8449328449328;417.582417582418;427.716727716728;-4.85;-4.8158
8/13/2019 07:31:00;22.3199023199023;22.3137973137973;44.5665445665446;44.8571428571428;422.466422466423;421.978021978022;-4.85;-4.85
8/13/2019 07:32:00;22.3199023199023;22.3150183150183;44.6642246642247;44.6056166056166;417.582417582418;421.733821733822;-4.85;-4.85
8/13/2019 07:33:00;22.3199023199023;22.3137973137973;44.7619047619048;44.5347985347985;420.02442002442;420.39072039072;-4.85;-4.85
8/13/2019 07:34:00;22.3076923076923;22.3150183150183;44.5665445665446;44.7814407814408;422.466422466423;425.396825396825;-4.85;-4.85
8/13/2019 07:35:00;22.3076923076923;22.3162393162393;44.8107448107448;44.7252747252747;434.676434676435;427.838827838828;-4.85;-4.85
8/13/2019 07:36:00;22.3076923076923;22.3125763125763;44.3711843711844;44.4737484737485;428.571428571429;426.129426129426;-4.85;-4.85
8/13/2019 07:37:00;22.3076923076923;22.3125763125763;44.6642246642247;44.7741147741148;427.350427350427;426.373626373626;-4.85;-4.85
8/13/2019 07:38:00;22.3076923076923;22.3076923076923;44.5665445665446;44.5641025641026;432.234432234432;429.91452991453;-4.85;-4.85
8/13/2019 07:39:06;22.3199023199023;22.3089133089133;44.7863247863248;44.5909645909646;423.687423687424;431.501831501831;-4.85;-4.85
8/13/2019 07:40:06;22.3076923076923;22.3076923076923;44.8107448107448;44.7350427350427;434.676434676435;427.716727716728;-4.85;-4.85
8/13/2019 07:41:06;22.3076923076923;22.3089133089133;44.7863247863248;44.8058608058608;423.687423687424;423.199023199023;-4.85;-4.85
8/13/2019 07:42:06;22.3076923076923;22.3076923076923;44.8107448107448;44.8327228327228;432.234432234432;426.373626373626;-4.85;-4.85
8/13/2019 07:43:06;22.2954822954823;22.3101343101343;44.9084249084249;44.7545787545787;428.571428571429;428.449328449328;-4.85;-4.85
8/13/2019 07:44:06;22.3076923076923;22.3113553113553;44.5665445665446;44.6056166056166;432.234432234432;427.838827838828;-4.85;-4.85
8/13/2019 07:45:06;22.3199023199023;22.3125763125763;44.7863247863248;44.6202686202686;428.571428571429;422.100122100122;-4.85;-4.85
8/13/2019 07:46:06;22.3076923076923;22.3101343101343;44.6642246642247;44.8107448107448;432.234432234432;428.449328449328;-4.85;-4.85
8/13/2019 07:47:06;22.3076923076923;22.3101343101343;44.6398046398046;44.6178266178266;435.897435897436;430.769230769231;-4.85;-4.85
8/13/2019 07:48:06;22.3199023199023;22.3113553113553;45.0549450549451;45.008547008547;428.571428571429;427.716727716728;-4.85;-4.85
8/13/2019 07:49:06;22.3076923076923;22.3101343101343;44.7863247863248;44.8180708180708;423.687423687424;425.274725274725;-4.508;-4.7816
8/13/2019 07:50:06;22.3076923076923;22.3064713064713;44.957264957265;44.8791208791209;427.350427350427;426.739926739927;-4.85;-4.8158
8/13/2019 07:51:06;22.3076923076923;22.3076923076923;45.2503052503053;45.1843711843712;423.687423687424;427.716727716728;-4.85;-4.85
8/13/2019 07:52:06;22.3076923076923;22.3076923076923;45.2014652014652;45.0818070818071;428.571428571429;427.350427350427;-4.85;-4.85
8/13/2019 07:53:12;22.3076923076923;22.3064713064713;44.7863247863248;44.8766788766789;427.350427350427;424.786324786325;-4.85;-4.85
8/13/2019 07:54:12;22.3076923076923;22.3076923076923;44.6886446886447;44.7008547008547;417.582417582418;420.512820512821;-4.85;-4.85
8/13/2019 07:55:12;22.3076923076923;22.3064713064713;44.6642246642247;44.7228327228327;423.687423687424;420.02442002442;-4.85;-4.85
8/13/2019 07:56:12;22.2954822954823;22.3064713064713;44.7863247863248;44.7985347985348;415.140415140415;420.02442002442;-4.85;-4.85
8/13/2019 07:57:18;22.3076923076923;22.3064713064713;44.9084249084249;44.8156288156288;415.140415140415;424.297924297924;-4.85;-4.85
8/13/2019 07:58:18;22.3076923076923;22.3040293040293;45.2991452991453;45.0866910866911;413.919413919414;422.710622710623;-4.85;-4.85
8/13/2019 07:59:18;22.3076923076923;22.3015873015873;44.7863247863248;45.018315018315;432.234432234432;424.664224664225;-4.85;-4.85
8/13/2019 08:00:18;22.3076923076923;22.3015873015873;44.7863247863248;44.8009768009768;421.245421245421;425.885225885226;-4.85;-4.85
8/13/2019 08:01:18;22.2954822954823;22.2991452991453;45.0549450549451;44.9157509157509;427.350427350427;427.228327228327;-4.85;-4.85
8/13/2019 08:02:18;22.2954822954823;22.2918192918193;45.006105006105;45.1379731379731;427.350427350427;426.984126984127;-4.85;-4.85
8/13/2019 08:03:18;22.2954822954823;22.2918192918193;45.3724053724054;45.2356532356532;427.350427350427;427.106227106227;-4.85;-4.85
8/13/2019 08:04:18;22.2954822954823;22.2942612942613;45.5677655677656;45.4358974358974;427.350427350427;425.763125763126;-4.85;-4.85
8/13/2019 08:05:24;22.2954822954823;22.2967032967033;45.2747252747253;45.3772893772894;422.466422466423;425.030525030525;-4.85;-4.85
8/13/2019 08:06:24;22.2954822954823;22.2930402930403;45.3235653235653;45.2942612942613;420.02442002442;424.664224664225;-4.85;-4.85
8/13/2019 08:07:24;22.2832722832723;22.2918192918193;45.5189255189255;45.3479853479853;423.687423687424;422.710622710623;-4.85;-4.85
8/13/2019 08:08:24;22.2832722832723;22.2930402930403;45.2503052503053;45.3308913308913;422.466422466423;422.954822954823;-4.85;-4.7474
8/13/2019 08:09:24;22.2954822954823;22.2954822954823;45.0549450549451;45.1159951159951;423.687423687424;423.076923076923;-4.85;-4.85
8/13/2019 08:10:24;22.2954822954823;22.2893772893773;45.5189255189255;45.2747252747253;427.350427350427;428.693528693529;-4.85;-4.85
8/13/2019 08:11:24;22.2954822954823;22.2930402930403;45.4456654456654;45.5360195360195;429.79242979243;427.472527472528;-4.85;-4.85
8/13/2019 08:12:24;22.2954822954823;22.2930402930403;45.4212454212454;45.3724053724054;427.350427350427;429.304029304029;-4.85;-4.85
8/13/2019 08:13:24;22.2954822954823;22.2918192918193;45.3724053724054;45.4456654456654;432.234432234432;423.809523809524;-4.508;-4.8158
8/13/2019 08:14:24;22.2954822954823;22.2905982905983;45.5433455433455;45.3553113553113;417.582417582418;424.664224664225;-4.85;-4.85
8/13/2019 08:15:30;22.2954822954823;22.2930402930403;45.5433455433455;45.6459096459096;426.129426129426;421.611721611722;-4.85;-4.85
8/13/2019 08:16:30;22.2954822954823;22.2918192918193;45.6654456654457;45.4749694749695;420.02442002442;424.175824175824;-4.85;-4.85
8/13/2019 08:17:30;22.2954822954823;22.2942612942613;45.4945054945055;45.6678876678877;428.571428571429;426.617826617827;-4.85;-4.85
8/13/2019 08:18:30;22.2954822954823;22.2954822954823;45.4212454212454;45.4700854700855;428.571428571429;426.007326007326;-4.85;-4.85
8/13/2019 08:19:30;22.3076923076923;22.2942612942613;45.4945054945055;45.5506715506715;432.234432234432;428.693528693529;-4.85;-4.85
8/13/2019 08:20:36;22.2832722832723;22.2930402930403;45.6410256410256;45.6166056166056;422.466422466423;429.54822954823;-4.85;-4.85
8/13/2019 08:21:36;22.2954822954823;22.2930402930403;45.7631257631258;45.7069597069597;432.234432234432;424.664224664225;-4.85;-4.85
8/13/2019 08:22:36;22.2954822954823;22.2881562881563;45.6898656898657;45.6068376068376;422.466422466423;428.571428571429;-4.85;-4.7816
8/13/2019 08:23:36;22.2954822954823;22.2905982905983;46.2515262515263;45.9120879120879;422.466422466423;425.885225885226;-4.85;-4.8158
8/13/2019 08:24:42;22.2954822954823;22.2893772893773;45.7142857142857;45.9560439560439;417.582417582418;427.472527472528;-4.85;-4.85
8/13/2019 08:25:42;22.2954822954823;22.2930402930403;45.8119658119658;45.8754578754579;422.466422466423;419.169719169719;-4.85;-4.85
8/13/2019 08:26:42;22.2832722832723;22.2905982905983;46.1538461538462;45.982905982906;416.361416361416;417.460317460317;-4.85;-4.85
8/13/2019 08:27:48;22.2832722832723;22.2930402930403;45.8852258852259;46.0976800976801;422.466422466423;419.53601953602;-4.85;-4.85
8/13/2019 08:28:48;22.2954822954823;22.2905982905983;45.7142857142857;45.7020757020757;410.25641025641;418.070818070818;-4.85;-4.85
8/13/2019 08:29:48;22.2954822954823;22.2918192918193;45.7631257631258;45.8876678876679;428.571428571429;419.413919413919;-4.85;-4.85
8/13/2019 08:30:48;22.2954822954823;22.2869352869353;45.9096459096459;45.7728937728938;416.361416361416;419.53601953602;-4.85;-4.85
8/13/2019 08:31:48;22.2954822954823;22.2893772893773;46.3247863247863;46.2442002442002;421.245421245421;422.832722832723;-4.85;-4.85
8/13/2019 08:32:48;22.2832722832723;22.2893772893773;46.1294261294261;46.1294261294261;426.129426129426;426.984126984127;-4.85;-4.85
8/13/2019 08:33:48;22.2832722832723;22.2881562881563;45.9340659340659;45.9316239316239;422.466422466423;423.321123321123;-4.85;-4.85
8/13/2019 08:34:48;22.2832722832723;22.2844932844933;45.958485958486;45.9169719169719;420.02442002442;422.222222222222;-4.85;-4.85
8/13/2019 08:35:48;22.2832722832723;22.2857142857143;46.1782661782662;46.1221001221001;422.466422466423;420.512820512821;-4.85;-4.8158
8/13/2019 08:36:48;22.2832722832723;22.2869352869353;45.7631257631258;45.9560439560439;429.79242979243;422.222222222222;-4.85;-4.85
8/13/2019 08:37:54;22.2954822954823;22.2893772893773;46.0561660561661;45.965811965812;415.140415140415;421.855921855922;-4.85;-4.85
8/13/2019 08:38:54;22.2954822954823;22.2869352869353;46.1294261294261;46.1367521367521;415.140415140415;421.489621489622;-4.85;-4.85
8/13/2019 08:40:00;22.2588522588523;22.2796092796093;45.8852258852259;46.017094017094;416.361416361416;417.582417582418;-4.85;-4.8158
8/13/2019 08:41:00;22.2954822954823;22.2796092796093;46.3736263736264;46.1001221001221;417.582417582418;421.733821733822;-4.85;-4.85
8/13/2019 08:42:00;22.2832722832723;22.2808302808303;46.2515262515263;46.2808302808303;426.129426129426;425.641025641026;-4.85;-4.85
8/13/2019 08:43:06;22.2832722832723;22.2820512820513;46.2026862026862;46.2539682539682;429.79242979243;425.274725274725;-4.85;-4.8158
8/13/2019 08:44:06;22.2832722832723;22.2771672771673;46.3980463980464;46.2735042735043;427.350427350427;426.373626373626;-4.85;-4.85
8/13/2019 08:45:06;22.2832722832723;22.2710622710623;46.1538461538462;46.1440781440781;426.129426129426;422.832722832723;-4.85;-4.8158
8/13/2019 08:46:06;22.2832722832723;22.2735042735043;46.2515262515263;46.3003663003663;413.919413919414;421.978021978022;-4.85;-4.85
8/13/2019 08:47:12;22.2588522588523;22.2686202686203;46.1294261294261;46.1269841269841;423.687423687424;423.931623931624;-4.85;-4.85
8/13/2019 08:48:12;22.2588522588523;22.2686202686203;46.1538461538462;46.3101343101343;426.129426129426;426.373626373626;-4.85;-4.85
8/13/2019 08:49:12;22.2588522588523;22.2710622710623;46.1294261294261;46.0903540903541;417.582417582418;418.925518925519;-4.85;-4.85
8/13/2019 08:50:12;22.2832722832723;22.2686202686203;46.3003663003663;46.2588522588522;420.02442002442;419.53601953602;-4.85;-4.85
8/13/2019 08:51:12;22.2588522588523;22.2686202686203;46.0805860805861;46.1733821733822;420.02442002442;421.978021978022;-4.85;-4.85
8/13/2019 08:52:12;22.2588522588523;22.2710622710623;45.9096459096459;46.1172161172161;423.687423687424;422.710622710623;-4.85;-4.85
8/13/2019 08:53:12;22.2832722832723;22.2661782661783;46.3736263736264;46.0927960927961;422.466422466423;424.786324786325;-4.85;-4.8158
8/13/2019 08:54:12;22.2588522588523;22.2735042735043;46.3736263736264;46.4835164835165;421.245421245421;421.123321123321;-4.85;-4.85
8/13/2019 08:55:12;22.2588522588523;22.2710622710623;46.3980463980464;46.4639804639804;433.455433455433;426.373626373626;-4.85;-4.85
8/13/2019 08:56:12;22.2588522588523;22.2710622710623;46.3736263736264;46.3296703296703;428.571428571429;425.641025641026;-4.85;-4.85
8/13/2019 08:57:12;22.2588522588523;22.2710622710623;46.3736263736264;46.3345543345543;426.129426129426;424.664224664225;-4.85;-4.85
8/13/2019 08:58:12;22.2588522588523;22.2661782661783;46.3736263736264;46.2808302808303;416.361416361416;420.26862026862;-4.85;-4.85
8/13/2019 08:59:18;22.2588522588523;22.2710622710623;46.3980463980464;46.3736263736264;410.25641025641;415.384615384615;-4.85;-4.85
8/13/2019 09:00:18;22.2832722832723;22.2686202686203;46.4468864468864;46.4859584859585;417.582417582418;416.239316239316;-4.85;-4.85
8/13/2019 09:01:18;22.2588522588523;22.2661782661783;46.5934065934066;46.5250305250305;423.687423687424;421.611721611722;-4.85;-4.8158
8/13/2019 09:02:18;22.2588522588523;22.2661782661783;46.4957264957265;46.6739926739927;427.350427350427;424.175824175824;-4.85;-4.85
8/13/2019 09:03:18;22.2832722832723;22.2637362637363;46.2026862026862;46.2710622710623;427.350427350427;424.053724053724;-4.85;-4.85
8/13/2019 09:04:18;22.2832722832723;22.2661782661783;46.3980463980464;46.5103785103785;427.350427350427;429.426129426129;-4.85;-4.8158
8/13/2019 09:05:24;22.2588522588523;22.2637362637363;46.3980463980464;46.3443223443223;422.466422466423;424.297924297924;-4.85;-4.8158
8/13/2019 09:06:24;22.2588522588523;22.2612942612943;46.5445665445665;46.5128205128205;421.245421245421;422.222222222222;-4.85;-4.85
8/13/2019 09:07:24;22.2588522588523;22.2637362637363;46.4468864468864;46.4493284493284;420.02442002442;421.489621489622;-4.85;-4.85
8/13/2019 09:08:24;22.2832722832723;22.2625152625153;46.2759462759463;46.3247863247863;420.02442002442;424.908424908425;-4.85;-4.85
8/13/2019 09:09:24;22.2588522588523;22.2637362637363;46.3980463980464;46.2612942612942;427.350427350427;430.28083028083;-4.508;-4.8158
8/13/2019 09:10:24;22.2588522588523;22.2686202686203;46.1538461538462;46.2124542124542;429.79242979243;427.472527472527;-4.85;-4.85
8/13/2019 09:11:24;22.2588522588523;22.2600732600733;46.4957264957265;46.3589743589743;421.245421245421;426.373626373626;-4.85;-4.85
8/13/2019 09:12:24;22.2588522588523;22.2625152625153;46.3736263736264;46.2710622710623;432.234432234432;428.815628815629;-4.85;-4.85
8/13/2019 09:13:24;22.2588522588523;22.2600732600733;46.5689865689866;46.4078144078144;426.129426129426;426.373626373626;-4.85;-4.85
8/13/2019 09:14:24;22.2588522588523;22.2564102564103;46.5445665445665;46.4566544566544;423.687423687424;427.960927960928;-4.85;-4.85
8/13/2019 09:15:24;22.2466422466422;22.2539682539683;46.5689865689866;46.5909645909646;417.582417582418;425.152625152625;-4.85;-4.85
8/13/2019 09:16:24;22.2588522588523;22.2588522588523;46.6910866910867;46.7032967032967;416.361416361416;421.367521367521;-4.85;-4.85
8/13/2019 09:17:30;22.2588522588523;22.2564102564103;46.3003663003663;46.4688644688645;415.140415140415;418.437118437118;-4.85;-4.85
8/13/2019 09:18:30;22.2466422466422;22.2527472527472;46.3247863247863;46.2979242979243;422.466422466423;421.367521367521;-4.85;-4.85
8/13/2019 09:19:30;22.2466422466422;22.2539682539683;46.3736263736264;46.3833943833944;422.466422466423;423.687423687424;-4.85;-4.85
8/13/2019 09:20:30;22.2466422466422;22.2490842490842;46.3980463980464;46.5299145299145;422.466422466423;422.466422466422;-4.85;-4.8158
8/13/2019 09:21:30;22.2466422466422;22.2490842490842;46.4957264957265;46.4835164835165;423.687423687424;423.565323565324;-4.85;-4.85
8/13/2019 09:22:36;22.2466422466422;22.2478632478632;46.5689865689866;46.5641025641025;423.687423687424;422.954822954823;-4.85;-4.85
8/13/2019 09:23:42;22.2344322344322;22.2466422466422;46.3980463980464;46.3663003663004;426.129426129426;427.106227106227;-4.85;-4.85
8/13/2019 09:24:42;22.2466422466422;22.2466422466422;46.4468864468864;46.3858363858364;417.582417582418;420.634920634921;-4.85;-4.85
8/13/2019 09:25:42;22.2466422466422;22.2454212454212;46.3980463980464;46.4200244200244;426.129426129426;423.565323565324;-4.85;-4.85
8/13/2019 09:26:42;22.2466422466422;22.2466422466422;46.3736263736264;46.3785103785104;426.129426129426;423.199023199023;-4.85;-4.85
8/13/2019 09:27:48;22.2344322344322;22.2429792429792;46.1538461538462;46.2857142857143;429.79242979243;428.937728937729;-4.85;-4.85
8/13/2019 09:28:48;22.2466422466422;22.2417582417582;46.1782661782662;46.1709401709402;422.466422466423;428.449328449328;-4.85;-4.7816
8/13/2019 09:29:48;22.2344322344322;22.2417582417582;46.3736263736264;46.3321123321123;420.02442002442;427.228327228327;-4.85;-4.85
8/13/2019 09:30:48;22.2344322344322;22.2429792429792;46.3247863247863;46.4249084249084;427.350427350427;427.228327228327;-4.85;-4.85
8/13/2019 09:31:48;22.2466422466422;22.2417582417582;46.1782661782662;46.2515262515262;426.129426129426;422.954822954823;-4.85;-4.85
8/13/2019 09:32:54;22.2466422466422;22.2405372405372;46.1782661782662;46.3101343101343;432.234432234432;427.350427350427;-4.508;-4.8158
8/13/2019 09:33:54;22.2466422466422;22.2380952380952;46.2759462759463;46.2539682539682;426.129426129426;426.739926739927;-4.85;-4.85
8/13/2019 09:34:54;22.2344322344322;22.2380952380952;46.1782661782662;46.1758241758242;435.897435897436;431.501831501832;-4.85;-4.85
8/13/2019 09:35:54;22.2466422466422;22.2368742368742;46.3980463980464;46.2979242979243;433.455433455433;427.472527472527;-4.85;-4.85
8/13/2019 09:37:00;22.2344322344322;22.2368742368742;46.3003663003663;46.3663003663004;435.897435897436;433.577533577534;-4.85;-4.85
8/13/2019 09:38:00;22.2344322344322;22.2356532356532;46.1538461538462;46.2197802197802;433.455433455433;436.263736263736;-4.85;-4.85
8/13/2019 09:39:00;22.2344322344322;22.2344322344322;46.5445665445665;46.5030525030525;432.234432234432;435.531135531136;-4.85;-4.85
8/13/2019 09:40:00;22.2344322344322;22.2344322344322;46.8131868131868;46.6056166056166;426.129426129426;431.623931623932;-4.85;-4.85
8/13/2019 09:41:00;22.2344322344322;22.2368742368742;46.3980463980464;46.4664224664225;427.350427350427;431.257631257631;-4.85;-4.85
8/13/2019 09:42:00;22.2466422466422;22.2368742368742;46.3736263736264;46.3956043956044;415.140415140415;427.716727716728;-4.85;-4.85
8/13/2019 09:43:00;22.2344322344322;22.2368742368742;46.3980463980464;46.3663003663004;432.234432234432;421.855921855922;-4.85;-4.85
8/13/2019 09:44:00;22.2344322344322;22.2393162393162;46.1538461538462;46.3516483516483;423.687423687424;428.815628815629;-4.85;-4.85
8/13/2019 09:45:00;22.2222222222222;22.2319902319902;46.3736263736264;46.3223443223443;423.687423687424;424.786324786325;-4.85;-4.8158
8/13/2019 09:46:00;22.2222222222222;22.2283272283272;46.5689865689866;46.4029304029304;422.466422466423;432.478632478633;-4.85;-4.85
8/13/2019 09:47:00;22.2222222222222;22.2307692307692;46.3980463980464;46.4639804639804;423.687423687424;423.199023199023;-4.85;-4.85
8/13/2019 09:48:06;22.2222222222222;22.2295482295482;46.2759462759463;46.4273504273504;416.361416361416;424.786324786325;-4.85;-4.85
8/13/2019 09:49:06;22.2344322344322;22.2283272283272;46.3980463980464;46.3638583638583;432.234432234432;423.565323565324;-4.85;-4.85
8/13/2019 09:50:06;22.2222222222222;22.2271062271062;46.4468864468864;46.4444444444444;429.79242979243;431.501831501832;-4.85;-4.85
8/13/2019 09:51:06;22.2222222222222;22.2271062271062;46.3980463980464;46.3833943833944;442.002442002442;433.577533577534;-4.85;-4.7816
8/13/2019 09:52:06;22.2222222222222;22.2258852258852;46.3247863247863;46.4713064713065;429.79242979243;430.15873015873;-4.85;-4.85
8/13/2019 09:53:12;22.2222222222222;22.2258852258852;46.2759462759463;46.1929181929182;428.571428571429;431.379731379731;-4.85;-4.85
8/13/2019 09:54:12;22.2222222222222;22.2271062271062;46.4224664224664;46.4297924297924;428.571428571429;431.013431013431;-4.85;-4.85
8/13/2019 09:55:12;22.2344322344322;22.2271062271062;46.5689865689866;46.4493284493284;428.571428571429;427.350427350427;-4.85;-4.85
8/13/2019 09:56:12;22.2344322344322;22.2283272283272;46.5934065934066;46.4884004884005;428.571428571429;429.304029304029;-4.85;-4.85
8/13/2019 09:57:12;22.2344322344322;22.2283272283272;46.2515262515263;46.3931623931624;427.350427350427;426.739926739927;-4.85;-4.85
8/13/2019 09:58:12;22.2222222222222;22.2234432234432;46.4957264957265;46.4249084249084;422.466422466423;423.809523809524;-4.85;-4.85
8/13/2019 09:59:12;22.2222222222222;22.2246642246642;46.3980463980464;46.5494505494505;434.676434676435;426.862026862027;-4.85;-4.85
8/13/2019 10:00:12;22.2222222222222;22.2258852258852;46.2515262515263;46.4004884004884;438.339438339438;431.257631257631;-4.85;-4.85
8/13/2019 10:01:12;22.2100122100122;22.2210012210012;46.5689865689866;46.3809523809524;428.571428571429;429.304029304029;-4.85;-4.85
8/13/2019 10:02:12;22.2344322344322;22.2234432234432;46.5934065934066;46.4713064713065;428.571428571429;424.908424908425;-4.85;-4.85
8/13/2019 10:03:12;22.2222222222222;22.2210012210012;46.3980463980464;46.5006105006105;432.234432234432;429.79242979243;-4.85;-4.85
8/13/2019 10:04:18;22.2222222222222;22.2148962148962;46.1782661782662;46.1831501831502;432.234432234432;429.79242979243;-4.85;-4.8158
8/13/2019 10:05:18;22.2100122100122;22.2185592185592;46.2759462759463;46.2124542124542;440.781440781441;436.874236874237;-4.85;-4.7816
8/13/2019 10:06:18;22.2222222222222;22.2185592185592;46.3003663003663;46.1758241758242;432.234432234432;433.577533577534;-4.85;-4.85
8/13/2019 10:07:18;22.2100122100122;22.2161172161172;46.5689865689866;46.4297924297924;433.455433455433;431.379731379731;-4.85;-4.85
8/13/2019 10:08:18;22.2222222222222;22.2197802197802;46.4468864468864;46.5177045177045;417.582417582418;421.367521367521;-4.85;-4.85
8/13/2019 10:09:18;22.2222222222222;22.2161172161172;46.3980463980464;46.4468864468864;416.361416361416;419.291819291819;-4.85;-4.85
8/13/2019 10:10:18;22.2100122100122;22.2148962148962;46.1538461538462;46.2246642246642;434.676434676435;423.443223443223;-4.85;-4.85
8/13/2019 10:11:18;22.2222222222222;22.2161172161172;46.5689865689866;46.3711843711844;434.676434676435;432.600732600733;-4.85;-4.85
8/13/2019 10:12:18;22.2100122100122;22.2148962148962;46.7643467643468;46.6324786324786;423.687423687424;429.181929181929;-4.85;-4.85
8/13/2019 10:13:18;22.2100122100122;22.2148962148962;46.1538461538462;46.3809523809524;422.466422466423;426.739926739927;-4.85;-4.85
8/13/2019 10:14:18;22.2222222222222;22.2197802197802;46.1782661782662;46.1440781440781;426.129426129426;424.542124542125;-4.85;-4.85
8/13/2019 10:15:18;22.2222222222222;22.2161172161172;46.1782661782662;46.2051282051282;426.129426129426;423.199023199023;-4.85;-4.8158
8/13/2019 10:16:24;22.2100122100122;22.2161172161172;46.3980463980464;46.3174603174603;426.129426129426;428.449328449328;-4.85;-4.85
8/13/2019 10:17:24;22.2222222222222;22.2112332112332;46.2759462759463;46.2490842490842;428.571428571429;429.548229548229;-4.85;-4.85
8/13/2019 10:18:24;22.2100122100122;22.2100122100122;46.3736263736264;46.2148962148962;423.687423687424;427.838827838828;-4.85;-4.85
8/13/2019 10:19:24;22.2100122100122;22.2087912087912;46.1782661782662;46.3882783882784;426.129426129426;428.815628815629;-4.85;-4.85
8/13/2019 10:20:30;22.2222222222222;22.2100122100122;46.3003663003663;46.2515262515262;427.350427350427;427.228327228327;-4.85;-4.85
8/13/2019 10:21:30;22.2100122100122;22.2087912087912;46.0561660561661;46.0927960927961;434.676434676435;428.693528693529;-4.85;-4.85
8/13/2019 10:22:30;22.2100122100122;22.2075702075702;46.3003663003663;46.0757020757021;435.897435897436;436.141636141636;-4.85;-4.85
8/13/2019 10:23:30;22.2100122100122;22.2051282051282;46.7155067155067;46.5030525030525;434.676434676435;433.089133089133;-4.85;-4.85
8/13/2019 10:24:30;22.2222222222222;22.2087912087912;46.5934065934066;46.8034188034188;434.676434676435;433.821733821734;-4.85;-4.85
8/13/2019 10:25:30;22.2100122100122;22.2087912087912;46.3736263736264;46.4468864468864;428.571428571429;432.112332112332;-4.85;-4.8158
8/13/2019 10:26:30;22.1855921855922;22.1953601953602;46.3980463980464;46.3687423687424;432.234432234432;431.379731379731;-4.85;-4.85
8/13/2019 10:27:36;22.1855921855922;22.2002442002442;46.3736263736264;46.3394383394383;432.234432234432;433.577533577533;-4.85;-4.85
8/13/2019 10:28:42;22.1855921855922;22.1904761904762;46.5689865689866;46.4249084249084;429.79242979243;430.40293040293;-4.85;-4.85
8/13/2019 10:29:42;22.2100122100122;22.1880341880342;46.3003663003663;46.5030525030525;427.350427350427;435.164835164835;-4.85;-4.85
8/13/2019 10:30:42;22.1855921855922;22.1868131868132;46.2759462759463;46.1904761904762;444.444444444444;436.630036630037;-4.85;-4.85
8/13/2019 10:31:42;22.1855921855922;22.1855921855922;46.2759462759463;46.2393162393162;439.56043956044;435.286935286935;-4.85;-4.85
8/13/2019 10:32:42;22.1855921855922;22.1880341880342;46.3980463980464;46.4664224664225;432.234432234432;439.072039072039;-4.85;-4.85
8/13/2019 10:33:48;22.1855921855922;22.1855921855922;46.3736263736264;46.3614163614163;438.339438339438;442.124542124542;-4.85;-4.85
8/13/2019 10:34:48;22.1855921855922;22.1855921855922;46.1538461538462;46.2637362637362;442.002442002442;440.17094017094;-4.85;-4.85
8/13/2019 10:35:48;22.1855921855922;22.1831501831502;46.2026862026862;46.2368742368742;439.56043956044;436.630036630037;-4.85;-4.85
8/13/2019 10:36:48;22.1733821733822;22.1782661782662;46.1538461538462;46.2344322344322;440.781440781441;439.316239316239;-4.85;-4.85
8/13/2019 10:37:48;22.1855921855922;22.1831501831502;46.1782661782662;46.1733821733822;442.002442002442;439.438339438339;-4.85;-4.85
8/13/2019 10:38:48;22.1733821733822;22.1794871794872;46.0561660561661;46.1684981684982;435.897435897436;437.973137973138;-4.85;-4.85
8/13/2019 10:39:48;22.1733821733822;22.1770451770452;46.0561660561661;45.973137973138;440.781440781441;442.368742368742;-4.85;-4.85
8/13/2019 10:40:48;22.1855921855922;22.1794871794872;45.958485958486;45.9536019536019;451.770451770452;445.543345543345;-4.85;-4.8158
8/13/2019 10:41:48;22.1855921855922;22.1794871794872;46.1782661782662;46.1538461538461;435.897435897436;439.68253968254;-4.85;-4.85
8/13/2019 10:42:48;22.1855921855922;22.1782661782662;46.4957264957265;46.3467643467643;434.676434676435;439.92673992674;-4.85;-4.85
8/13/2019 10:43:48;22.1733821733822;22.1758241758242;46.1538461538462;46.3345543345543;444.444444444444;438.949938949939;-4.85;-4.85
8/13/2019 10:44:48;22.1733821733822;22.1807081807082;45.958485958486;45.995115995116;446.886446886447;444.444444444444;-4.85;-4.85
8/13/2019 10:45:48;22.1733821733822;22.1782661782662;46.0561660561661;45.97557997558;442.002442002442;442.735042735043;-4.85;-4.8158
8/13/2019 10:46:48;22.1855921855922;22.1758241758242;46.007326007326;46.056166056166;434.676434676435;439.80463980464;-4.85;-4.8158
8/13/2019 10:47:48;22.1855921855922;22.1758241758242;45.8852258852259;45.7899877899878;442.002442002442;445.177045177045;-4.85;-4.8158
8/13/2019 10:48:48;22.1733821733822;22.1746031746032;45.7142857142857;45.8168498168498;445.665445665446;446.153846153846;-4.85;-4.85
8/13/2019 10:49:48;22.1733821733822;22.1746031746032;45.6898656898657;45.7875457875458;446.886446886447;446.886446886447;-4.85;-4.85
8/13/2019 10:50:48;22.1733821733822;22.1660561660562;45.8363858363858;45.6874236874237;445.665445665446;447.619047619048;-4.85;-4.85
8/13/2019 10:51:48;22.1733821733822;22.1660561660562;45.5433455433455;45.7142857142857;445.665445665446;444.566544566545;-4.85;-4.85
8/13/2019 10:52:48;22.1733821733822;22.1672771672772;45.6410256410256;45.6410256410256;448.107448107448;448.717948717949;-4.85;-4.85
8/13/2019 10:53:48;22.1611721611722;22.1636141636142;46.031746031746;45.7606837606837;446.886446886447;446.398046398046;-4.85;-4.85
8/13/2019 10:54:48;22.1611721611722;22.1611721611722;45.8363858363858;45.9633699633699;442.002442002442;444.078144078144;-4.85;-4.85
8/13/2019 10:55:48;22.1611721611722;22.1697191697192;45.7631257631258;45.9267399267399;445.665445665446;443.956043956044;-4.85;-4.85
8/13/2019 10:56:48;22.1611721611722;22.1611721611722;45.6654456654457;45.7533577533577;440.781440781441;440.781440781441;-4.85;-4.85
8/13/2019 10:57:48;22.1611721611722;22.1636141636142;45.8363858363858;45.7557997557997;456.654456654457;449.81684981685;-4.85;-4.85
8/13/2019 10:58:54;22.1611721611722;22.1721611721612;45.7631257631258;45.7582417582417;442.002442002442;453.601953601954;-4.85;-4.7816
8/13/2019 10:59:54;22.1489621489621;22.1514041514041;45.3724053724054;45.5457875457875;442.002442002442;448.840048840049;-4.85;-4.85
8/13/2019 11:00:54;22.1611721611722;22.1501831501831;45.5189255189255;45.4114774114774;442.002442002442;443.467643467643;-4.85;-4.85
8/13/2019 11:01:54;22.1489621489621;22.1575091575092;45.6654456654457;45.7411477411477;451.770451770452;440.659340659341;-4.85;-4.85
8/13/2019 11:02:54;22.1489621489621;22.1514041514041;45.8119658119658;45.6654456654457;451.770451770452;454.700854700855;-4.85;-4.85
8/13/2019 11:03:54;22.1489621489621;22.1452991452991;45.4945054945055;45.6996336996337;457.875457875458;456.043956043956;-4.85;-4.85
8/13/2019 11:04:54;22.1489621489621;22.1477411477411;45.5433455433455;45.5750915750916;465.201465201465;459.46275946276;-4.85;-4.85
8/13/2019 11:05:54;22.1611721611722;22.1538461538462;45.4945054945055;45.5067155067155;454.212454212454;457.875457875458;-4.85;-4.85
8/13/2019 11:07:00;22.1611721611722;22.1526251526251;45.5189255189255;45.6166056166056;452.991452991453;449.57264957265;-4.85;-4.85
8/13/2019 11:08:00;22.1489621489621;22.1477411477411;45.5189255189255;45.4212454212454;448.107448107448;451.648351648352;-4.85;-4.85
8/13/2019 11:09:00;22.1245421245421;22.1477411477411;45.6166056166056;45.6043956043956;442.002442002442;449.328449328449;-4.85;-4.85
8/13/2019 11:10:06;22.1245421245421;22.1391941391941;45.6410256410256;45.5848595848596;456.654456654457;447.008547008547;-4.85;-4.85
8/13/2019 11:11:06;22.1489621489621;22.1318681318681;45.4212454212454;45.5433455433455;454.212454212454;450.18315018315;-4.85;-4.85
8/13/2019 11:12:12;22.1489621489621;22.1391941391941;45.5677655677656;45.5091575091575;454.212454212454;454.090354090354;-4.85;-4.85
8/13/2019 11:13:12;22.1489621489621;22.1416361416361;45.2991452991453;45.3235653235653;451.770451770452;451.526251526251;-4.85;-4.85
8/13/2019 11:14:12;22.1489621489621;22.1440781440781;45.3968253968254;45.3846153846154;450.549450549451;452.258852258852;-4.85;-4.85
8/13/2019 11:15:12;22.1245421245421;22.1367521367521;45.4212454212454;45.4065934065934;457.875457875458;457.509157509158;-4.85;-4.85
8/13/2019 11:16:12;22.1245421245421;22.1343101343101;45.3968253968254;45.4969474969475;457.875457875458;458.852258852259;-4.85;-4.85
8/13/2019 11:17:12;22.1489621489621;22.1343101343101;45.3968253968254;45.3894993894994;451.770451770452;456.654456654457;-4.85;-4.85
8/13/2019 11:18:12;22.1245421245421;22.1343101343101;45.1770451770452;45.4090354090354;451.770451770452;454.700854700855;-4.85;-4.8158
8/13/2019 11:19:12;22.1245421245421;22.1208791208791;45.2991452991453;45.2112332112332;452.991452991453;452.258852258852;-4.85;-4.85
8/13/2019 11:20:12;22.1245421245421;22.1257631257631;45.5433455433455;45.4090354090354;456.654456654457;455.921855921856;-4.85;-4.85
8/13/2019 11:21:12;22.1123321123321;22.1221001221001;45.5189255189255;45.6141636141636;457.875457875458;457.631257631258;-4.85;-4.85
8/13/2019 11:22:12;22.1123321123321;22.1233211233211;45.6166056166056;45.6092796092796;457.875457875458;457.753357753358;-4.85;-4.85
8/13/2019 11:23:12;22.1245421245421;22.1172161172161;45.6166056166056;45.6043956043956;459.096459096459;458.119658119658;-4.85;-4.85
8/13/2019 11:24:12;22.1245421245421;22.1233211233211;45.2014652014652;45.4017094017094;445.665445665446;453.968253968254;-4.85;-4.85
8/13/2019 11:25:12;22.1123321123321;22.1184371184371;45.1770451770452;45.1941391941392;445.665445665446;451.404151404151;-4.85;-4.7816
8/13/2019 11:26:12;22.1245421245421;22.1172161172161;45.2014652014652;45.1599511599511;462.759462759463;449.084249084249;-4.85;-4.85
8/13/2019 11:27:12;22.1123321123321;22.1184371184371;45.6410256410256;45.4310134310134;456.654456654457;455.067155067155;-4.85;-4.85
8/13/2019 11:28:12;22.1123321123321;22.1159951159951;45.4212454212454;45.5457875457875;446.886446886447;449.93894993895;-4.508;-4.7816
8/13/2019 11:29:12;22.1245421245421;22.1184371184371;45.6166056166056;45.4725274725275;456.654456654457;451.037851037851;-4.85;-4.85
8/13/2019 11:30:12;22.1245421245421;22.1196581196581;45.6410256410256;45.6288156288156;448.107448107448;450.42735042735;-4.85;-4.85
8/13/2019 11:31:12;22.1123321123321;22.1184371184371;45.3968253968254;45.4481074481074;463.980463980464;461.782661782662;-4.85;-4.85
8/13/2019 11:32:12;22.1123321123321;22.1196581196581;45.6410256410256;45.5677655677656;472.527472527473;465.567765567766;-4.85;-4.85
8/13/2019 11:33:18;22.1245421245421;22.1184371184371;45.6166056166056;45.4554334554334;466.422466422466;461.904761904762;-4.85;-4.85
8/13/2019 11:34:18;22.1123321123321;22.1147741147741;45.4212454212454;45.5067155067155;459.096459096459;461.172161172161;-4.85;-4.85
8/13/2019 11:35:18;22.1245421245421;22.1184371184371;45.4212454212454;45.4529914529914;460.31746031746;457.631257631258;-4.85;-4.85
8/13/2019 11:36:18;22.1123321123321;22.1135531135531;45.3968253968254;45.3943833943834;457.875457875458;460.19536019536;-4.85;-4.85
8/13/2019 11:37:18;22.1123321123321;22.1123321123321;45.3968253968254;45.3968253968254;460.31746031746;457.142857142857;-4.85;-4.85
8/13/2019 11:38:18;22.1001221001221;22.1062271062271;45.3724053724054;45.2429792429792;454.212454212454;462.515262515263;-4.85;-4.85
8/13/2019 11:39:18;22.1123321123321;22.1074481074481;45.3968253968254;45.3162393162393;466.422466422466;458.852258852259;-4.85;-4.85
8/13/2019 11:40:18;22.1001221001221;22.1074481074481;45.6410256410256;45.5726495726496;460.31746031746;465.934065934066;-4.85;-4.8158
8/13/2019 11:41:18;22.1001221001221;22.1013431013431;45.0793650793651;45.3528693528693;459.096459096459;460.07326007326;-4.85;-4.85
8/13/2019 11:42:18;22.1001221001221;22.0989010989011;45.3968253968254;45.2600732600732;459.096459096459;465.323565323565;-4.85;-4.85
8/13/2019 11:43:18;22.1001221001221;22.1013431013431;45.3968253968254;45.3919413919414;462.759462759463;462.271062271062;-4.85;-4.85
8/13/2019 11:44:18;22.1001221001221;22.1025641025641;45.5433455433455;45.5482295482295;467.643467643468;463.492063492064;-4.85;-4.85
8/13/2019 11:45:18;22.1001221001221;22.1013431013431;45.3968253968254;45.3260073260073;465.201465201465;461.904761904762;-4.85;-4.85
8/13/2019 11:46:18;22.0879120879121;22.0952380952381;45.2991452991453;45.4383394383394;466.422466422466;464.468864468864;-4.85;-4.85
8/13/2019 11:47:18;22.1123321123321;22.1001221001221;45.3968253968254;45.2722832722833;456.654456654457;461.782661782662;-4.85;-4.85
8/13/2019 11:48:18;22.1001221001221;22.1013431013431;45.5189255189255;45.4163614163614;448.107448107448;456.654456654457;-4.85;-4.85
8/13/2019 11:49:18;22.1001221001221;22.0976800976801;45.0549450549451;45.2820512820513;454.212454212454;450.793650793651;-4.85;-4.85
8/13/2019 11:50:18;22.1001221001221;22.0989010989011;45.2014652014652;45.1379731379731;448.107448107448;454.822954822955;-4.85;-4.85
8/13/2019 11:51:18;22.0879120879121;22.0989010989011;45.3724053724054;45.3333333333333;462.759462759463;451.159951159951;-4.85;-4.85
8/13/2019 11:52:24;22.0879120879121;22.0927960927961;45.3968253968254;45.4554334554334;467.643467643468;460.927960927961;-4.85;-4.8158
8/13/2019 11:53:24;22.0879120879121;22.0915750915751;45.4212454212454;45.4163614163614;466.422466422466;465.567765567766;-4.85;-4.85
8/13/2019 11:54:24;22.0879120879121;22.0915750915751;45.3968253968254;45.4065934065934;470.08547008547;468.253968253968;-4.85;-4.85
8/13/2019 11:55:24;22.0879120879121;22.0915750915751;45.4212454212454;45.4310134310134;451.770451770452;460.927960927961;-4.85;-4.85
8/13/2019 11:56:24;22.0879120879121;22.0891330891331;45.6410256410256;45.5311355311355;456.654456654457;455.799755799756;-4.85;-4.85
8/13/2019 11:57:24;22.0879120879121;22.0891330891331;45.5677655677656;45.6166056166056;456.654456654457;457.142857142857;-4.85;-4.85
8/13/2019 11:58:24;22.0879120879121;22.0854700854701;45.5433455433455;45.5775335775336;466.422466422466;461.660561660562;-4.85;-4.85
8/13/2019 11:59:24;22.0879120879121;22.0866910866911;45.7631257631258;45.7118437118437;463.980463980464;464.713064713065;-4.85;-4.8158
8/13/2019 12:00:30;22.0879120879121;22.0866910866911;45.8119658119658;45.7680097680098;463.980463980464;461.782661782662;-4.85;-4.85
8/13/2019 12:01:36;22.0879120879121;22.0818070818071;45.8363858363858;45.8119658119658;463.980463980464;460.19536019536;-4.85;-4.85
8/13/2019 12:02:42;22.0879120879121;22.0854700854701;45.8119658119658;45.7899877899878;467.643467643468;462.393162393162;-4.85;-4.85
8/13/2019 12:03:42;22.0879120879121;22.0866910866911;46.0805860805861;45.992673992674;467.643467643468;468.986568986569;-4.85;-4.85
8/13/2019 12:04:42;22.0879120879121;22.0891330891331;45.8119658119658;45.9462759462759;467.643467643468;467.521367521368;-4.85;-4.85
8/13/2019 12:05:42;22.0879120879121;22.0830280830281;45.9340659340659;45.8290598290598;463.980463980464;463.003663003663;-4.85;-4.85
8/13/2019 12:06:42;22.0879120879121;22.0854700854701;45.9340659340659;46.029304029304;465.201465201465;465.934065934066;-4.85;-4.85
8/13/2019 12:07:42;22.0879120879121;22.0842490842491;45.8363858363858;45.8559218559218;457.875457875458;462.637362637363;-4.85;-4.85
8/13/2019 12:08:48;22.0879120879121;22.0781440781441;46.031746031746;45.8534798534798;457.875457875458;456.043956043956;-4.85;-4.85
8/13/2019 12:09:48;22.0879120879121;22.0805860805861;46.031746031746;46.03663003663;463.980463980464;465.445665445665;-4.85;-4.8158
8/13/2019 12:10:48;22.0879120879121;22.0805860805861;46.0561660561661;46.03663003663;467.643467643468;464.713064713065;-4.85;-4.85
8/13/2019 12:11:48;22.0879120879121;22.0781440781441;46.2759462759463;46.1953601953602;451.770451770452;464.590964590965;-4.85;-4.8158
8/13/2019 12:12:48;22.0634920634921;22.0732600732601;46.4468864468864;46.2979242979243;463.980463980464;457.020757020757;-4.85;-4.85
8/13/2019 12:13:48;22.0634920634921;22.0757020757021;46.4468864468864;46.6544566544566;463.980463980464;462.881562881563;-4.85;-4.85
8/13/2019 12:14:48;22.0879120879121;22.0781440781441;46.2759462759463;46.2954822954823;457.875457875458;464.346764346764;-4.85;-4.85
8/13/2019 12:15:48;22.0634920634921;22.0757020757021;46.2759462759463;46.2832722832723;462.759462759463;459.95115995116;-4.85;-4.85
8/13/2019 12:16:48;22.0634920634921;22.0732600732601;46.4468864468864;46.3028083028083;452.991452991453;459.340659340659;-4.85;-4.85
8/13/2019 12:17:48;22.0879120879121;22.0757020757021;46.4468864468864;46.4224664224664;446.886446886447;460.19536019536;-4.85;-4.8158
8/13/2019 12:18:48;22.0634920634921;22.0732600732601;46.2759462759463;46.3711843711844;452.991452991453;457.509157509158;-4.85;-4.8158
8/13/2019 12:19:48;22.0634920634921;22.0757020757021;46.031746031746;46.2344322344322;457.875457875458;459.70695970696;-4.85;-4.85
8/13/2019 12:20:48;22.0879120879121;22.0757020757021;46.5689865689866;46.2686202686203;456.654456654457;457.753357753358;-4.85;-4.85
8/13/2019 12:21:48;22.0634920634921;22.0781440781441;46.2759462759463;46.3931623931624;459.096459096459;455.311355311355;-4.85;-4.85
8/13/2019 12:22:48;22.0879120879121;22.0781440781441;46.5689865689866;46.4395604395604;444.444444444444;454.578754578755;-4.85;-4.85
8/13/2019 12:23:54;22.0879120879121;22.0781440781441;46.4957264957265;46.6031746031746;460.31746031746;456.410256410256;-4.85;-4.85
8/13/2019 12:24:54;22.0879120879121;22.0805860805861;46.4468864468864;46.4444444444444;457.875457875458;466.056166056166;-4.85;-4.85
8/13/2019 12:25:54;22.0634920634921;22.0732600732601;46.4468864468864;46.4346764346764;462.759462759463;463.492063492064;-4.85;-4.85
8/13/2019 12:26:54;22.0634920634921;22.0757020757021;46.6666666666667;46.4932844932845;463.980463980464;464.713064713065;-4.85;-4.85
8/13/2019 12:27:54;22.0879120879121;22.0732600732601;46.4468864468864;46.6568986568986;456.654456654457;461.172161172161;-4.85;-4.8158
8/13/2019 12:28:54;22.0879120879121;22.0781440781441;46.6910866910867;46.5079365079365;452.991452991453;456.166056166056;-4.85;-4.85
8/13/2019 12:30:00;22.0634920634921;22.0708180708181;46.5934065934066;46.6715506715507;456.654456654457;455.921855921856;-4.85;-4.85
8/13/2019 12:31:06;22.0634920634921;22.0671550671551;46.6666666666667;46.6715506715507;459.096459096459;454.700854700855;-4.85;-4.85
8/13/2019 12:32:06;22.0634920634921;22.0683760683761;46.5689865689866;46.6935286935287;452.991452991453;458.730158730159;-4.85;-4.85
8/13/2019 12:33:06;22.0634920634921;22.0708180708181;46.5689865689866;46.6080586080586;452.991452991453;457.387057387058;-4.85;-4.85
8/13/2019 12:34:06;22.0879120879121;22.0708180708181;46.6666666666667;46.5836385836386;465.201465201465;460.07326007326;-4.85;-4.85
8/13/2019 12:35:06;22.0634920634921;22.0659340659341;46.6666666666667;46.6739926739927;462.759462759463;463.125763125763;-4.85;-4.7816
8/13/2019 12:36:06;22.0634920634921;22.0659340659341;46.6910866910867;46.8547008547008;457.875457875458;465.567765567766;-4.85;-4.85
8/13/2019 12:37:06;22.0634920634921;22.0659340659341;46.6910866910867;46.5518925518925;470.08547008547;471.794871794872;-4.85;-4.85
8/13/2019 12:38:12;22.0634920634921;22.0622710622711;46.4957264957265;46.4566544566544;471.306471306471;465.323565323565;-4.85;-4.85
8/13/2019 12:39:12;22.0634920634921;22.0634920634921;46.4224664224664;46.4420024420024;456.654456654457;468.009768009768;-4.85;-4.85
8/13/2019 12:40:12;22.0634920634921;22.0647130647131;46.5934065934066;46.5689865689866;466.422466422466;460.31746031746;-4.85;-4.85
8/13/2019 12:41:12;22.0879120879121;22.0671550671551;46.6666666666667;46.5567765567765;465.201465201465;465.201465201465;-4.85;-4.85
8/13/2019 12:42:12;22.0634920634921;22.0622710622711;46.4957264957265;46.6153846153846;466.422466422466;466.788766788767;-4.85;-4.85
8/13/2019 12:43:12;22.0634920634921;22.0610500610501;46.6422466422466;46.5323565323565;466.422466422466;466.910866910867;-4.85;-4.85
8/13/2019 12:44:12;22.0512820512821;22.0598290598291;46.6666666666667;46.5885225885226;462.759462759463;468.131868131868;-4.85;-4.85
8/13/2019 12:45:12;22.0512820512821;22.0573870573871;46.7887667887668;46.8278388278388;472.527472527473;463.858363858364;-4.85;-4.85
8/13/2019 12:46:12;22.0634920634921;22.0610500610501;47.0573870573871;47.032967032967;462.759462759463;469.59706959707;-4.85;-4.85
8/13/2019 12:47:18;22.0634920634921;22.0622710622711;46.6666666666667;46.8864468864469;473.748473748474;469.71916971917;-4.85;-4.85
8/13/2019 12:48:24;22.0634920634921;22.0622710622711;46.4957264957265;46.6056166056166;470.08547008547;468.009768009768;-4.85;-4.85
8/13/2019 12:49:24;22.0634920634921;22.0586080586081;46.6666666666667;46.4493284493284;470.08547008547;472.283272283272;-4.85;-4.85
8/13/2019 12:50:24;22.0634920634921;22.0598290598291;46.6666666666667;46.7741147741148;463.980463980464;467.887667887668;-4.85;-4.85
8/13/2019 12:51:24;22.0512820512821;22.0549450549451;46.4468864468864;46.3711843711844;466.422466422466;465.689865689866;-4.85;-4.85
8/13/2019 12:52:24;22.0512820512821;22.0549450549451;46.5201465201465;46.5763125763126;470.08547008547;466.422466422466;-4.85;-4.85
8/13/2019 12:53:24;22.0512820512821;22.0537240537241;46.3736263736264;46.3809523809524;465.201465201465;468.742368742369;-4.508;-4.8158
8/13/2019 12:54:30;22.0512820512821;22.052503052503;46.5201465201465;46.5323565323565;462.759462759463;467.155067155067;-4.85;-4.85
8/13/2019 12:55:30;22.0512820512821;22.052503052503;46.5689865689866;46.6129426129426;462.759462759463;464.224664224664;-4.85;-4.85
8/13/2019 12:56:30;22.0512820512821;22.050061050061;46.6666666666667;46.5689865689866;460.31746031746;464.957264957265;-4.85;-4.8158
8/13/2019 12:57:30;22.0512820512821;22.052503052503;46.6666666666667;46.5274725274725;462.759462759463;463.003663003663;-4.85;-4.85
8/13/2019 12:58:30;22.0634920634921;22.052503052503;46.2759462759463;46.2881562881563;473.748473748474;466.178266178266;-4.85;-4.85
8/13/2019 12:59:30;22.0512820512821;22.0537240537241;46.2759462759463;46.2637362637362;473.748473748474;469.47496947497;-4.85;-4.85
8/13/2019 13:00:30;22.0512820512821;22.0561660561661;46.4468864468864;46.4126984126984;467.643467643468;472.771672771673;-4.85;-4.85
8/13/2019 13:01:30;22.0634920634921;22.0537240537241;46.6910866910867;46.4884004884005;467.643467643468;466.178266178266;-4.85;-4.85
8/13/2019 13:02:30;22.0512820512821;22.051282051282;46.8376068376068;46.6471306471306;467.643467643468;468.009768009768;-4.85;-4.85
8/13/2019 13:03:30;22.0512820512821;22.0537240537241;46.6666666666667;46.5396825396825;471.306471306471;466.422466422466;-4.85;-4.8158
8/13/2019 13:04:30;22.0634920634921;22.0561660561661;46.5689865689866;46.8278388278388;471.306471306471;467.277167277167;-4.85;-4.85
8/13/2019 13:05:36;22.0512820512821;22.051282051282;46.3736263736264;46.4346764346764;466.422466422466;466.666666666667;-4.508;-4.8158
8/13/2019 13:06:42;22.0512820512821;22.050061050061;46.5689865689866;46.5470085470085;462.759462759463;465.567765567766;-4.85;-4.85
8/13/2019 13:07:42;22.0512820512821;22.052503052503;46.6666666666667;46.6178266178266;457.875457875458;464.957264957265;-4.85;-4.85
8/13/2019 13:08:42;22.0512820512821;22.052503052503;46.4957264957265;46.6568986568986;467.643467643468;465.567765567766;-4.85;-4.85
8/13/2019 13:09:48;22.0512820512821;22.0537240537241;46.4468864468864;46.3809523809524;462.759462759463;466.910866910867;-4.85;-4.85
8/13/2019 13:10:48;22.0512820512821;22.04884004884;46.7887667887668;46.5958485958486;467.643467643468;464.590964590965;-4.85;-4.85
8/13/2019 13:11:48;22.0512820512821;22.052503052503;46.4468864468864;46.6251526251526;463.980463980464;468.131868131868;-4.85;-4.85
8/13/2019 13:12:48;22.0512820512821;22.051282051282;47.008547008547;46.8449328449328;467.643467643468;463.980463980464;-4.85;-4.85
8/13/2019 13:13:48;22.0512820512821;22.047619047619;46.8131868131868;46.7887667887668;454.212454212454;464.102564102564;-4.85;-4.85
8/13/2019 13:14:48;22.039072039072;22.050061050061;46.5445665445665;46.6642246642246;462.759462759463;461.050061050061;-4.85;-4.85
8/13/2019 13:15:54;22.039072039072;22.047619047619;46.959706959707;46.7155067155067;465.201465201465;462.637362637363;-4.85;-4.85
8/13/2019 13:16:54;22.0512820512821;22.04884004884;46.6666666666667;46.7448107448107;466.422466422466;464.713064713065;-4.85;-4.85
8/13/2019 13:17:54;22.0512820512821;22.04884004884;46.7643467643468;46.8302808302808;466.422466422466;466.178266178266;-4.85;-4.85
8/13/2019 13:19:00;22.0634920634921;22.050061050061;46.4957264957265;46.5665445665446;466.422466422466;466.910866910867;-4.508;-4.8158
8/13/2019 13:20:00;22.0512820512821;22.046398046398;46.4957264957265;46.5909645909646;462.759462759463;462.026862026862;-4.85;-4.8158
8/13/2019 13:21:00;22.039072039072;22.043956043956;46.6666666666667;46.7008547008547;463.980463980464;460.31746031746;-4.85;-4.8158
8/13/2019 13:22:00;22.0512820512821;22.046398046398;46.3736263736264;46.4590964590964;465.201465201465;463.125763125763;-4.85;-4.85
8/13/2019 13:23:00;22.039072039072;22.045177045177;46.4468864468864;46.3589743589743;465.201465201465;466.056166056166;-4.85;-4.85
8/13/2019 13:24:00;22.0512820512821;22.04884004884;46.6666666666667;46.5909645909646;467.643467643468;459.096459096459;-4.85;-4.85
8/13/2019 13:25:00;22.0512820512821;22.041514041514;46.3980463980464;46.4664224664225;457.875457875458;458.485958485959;-4.85;-4.85
8/13/2019 13:26:00;22.039072039072;22.040293040293;46.5689865689866;46.4664224664225;466.422466422466;464.835164835165;-4.85;-4.85
8/13/2019 13:27:00;22.0512820512821;22.041514041514;46.6666666666667;46.5787545787546;465.201465201465;463.492063492063;-4.85;-4.85
8/13/2019 13:28:00;22.039072039072;22.039072039072;46.8864468864469;46.5396825396825;462.759462759463;464.102564102564;-4.85;-4.85
8/13/2019 13:29:00;22.039072039072;22.041514041514;46.6910866910867;46.7472527472527;456.654456654457;457.387057387057;-4.85;-4.85
8/13/2019 13:30:00;22.0512820512821;22.043956043956;46.4957264957265;46.4395604395604;456.654456654457;456.410256410256;-4.85;-4.85
8/13/2019 13:31:00;22.039072039072;22.03663003663;46.7155067155067;46.4957264957265;456.654456654457;457.509157509157;-4.85;-4.85
8/13/2019 13:32:00;22.039072039072;22.039072039072;46.7155067155067;46.9010989010989;462.759462759463;461.782661782662;-4.85;-4.85
8/13/2019 13:33:06;22.039072039072;22.037851037851;46.5689865689866;46.5299145299145;466.422466422466;465.079365079365;-4.85;-4.8158
8/13/2019 13:34:06;22.026862026862;22.035409035409;46.4957264957265;46.5006105006105;462.759462759463;459.70695970696;-4.85;-4.85
8/13/2019 13:35:06;22.039072039072;22.035409035409;46.2759462759463;46.4322344322344;463.980463980464;457.387057387057;-4.85;-4.85
8/13/2019 13:36:06;22.026862026862;22.035409035409;46.2759462759463;46.2881562881563;448.107448107448;454.578754578755;-4.85;-4.85
8/13/2019 13:37:06;22.026862026862;22.032967032967;46.3247863247863;46.2686202686203;450.549450549451;449.57264957265;-4.85;-4.85
8/13/2019 13:38:12;22.039072039072;22.035409035409;46.7643467643468;46.6007326007326;450.549450549451;456.288156288156;-4.85;-4.85
8/13/2019 13:39:12;22.039072039072;22.037851037851;46.8131868131868;46.8693528693529;463.980463980464;456.898656898657;-4.85;-4.85
8/13/2019 13:40:12;22.039072039072;22.03663003663;46.6666666666667;46.5860805860806;457.875457875458;459.096459096459;-4.85;-4.85
8/13/2019 13:41:12;22.026862026862;22.031746031746;46.4957264957265;46.5201465201465;456.654456654457;457.875457875458;-4.85;-4.85
8/13/2019 13:42:12;22.039072039072;22.035409035409;46.4468864468864;46.4126984126984;454.212454212454;459.218559218559;-4.85;-4.8158
8/13/2019 13:43:18;22.026862026862;22.032967032967;46.5689865689866;46.7032967032967;462.759462759463;462.026862026862;-4.85;-4.85
8/13/2019 13:44:18;22.026862026862;22.034188034188;46.4468864468864;46.5689865689866;456.654456654457;457.020757020757;-4.85;-4.85
8/13/2019 13:45:18;22.026862026862;22.030525030525;46.3247863247863;46.4590964590964;452.991452991453;457.264957264957;-4.85;-4.85
8/13/2019 13:46:18;22.039072039072;22.031746031746;46.8376068376068;46.5738705738706;460.31746031746;457.631257631258;-4.85;-4.85
8/13/2019 13:47:18;22.039072039072;22.030525030525;46.8376068376068;46.8449328449328;446.886446886447;455.799755799756;-4.85;-4.85
8/13/2019 13:48:18;22.026862026862;22.032967032967;46.6666666666667;46.8693528693529;460.31746031746;456.288156288156;-4.85;-4.8158
8/13/2019 13:49:18;22.039072039072;22.031746031746;46.6910866910867;46.6422466422466;452.991452991453;457.509157509158;-4.85;-4.8158
8/13/2019 13:50:18;22.026862026862;22.031746031746;46.6910866910867;46.6837606837607;446.886446886447;452.625152625153;-4.85;-4.85
8/13/2019 13:51:24;22.026862026862;22.026862026862;47.0818070818071;46.8058608058608;450.549450549451;450.915750915751;-4.85;-4.85
8/13/2019 13:52:24;22.026862026862;22.030525030525;47.0818070818071;46.9523809523809;451.770451770452;450.18315018315;-4.85;-4.85
8/13/2019 13:53:24;22.039072039072;22.032967032967;46.9108669108669;46.969474969475;451.770451770452;452.991452991453;-4.85;-4.85
8/13/2019 13:54:24;22.026862026862;22.029304029304;46.5445665445665;46.6007326007326;451.770451770452;451.037851037851;-4.85;-4.85
8/13/2019 13:55:24;22.026862026862;22.02442002442;46.5934065934066;46.6105006105006;452.991452991453;456.410256410256;-4.85;-4.85
8/13/2019 13:56:24;22.026862026862;22.025641025641;46.7887667887668;46.8302808302808;452.991452991453;451.526251526252;-4.85;-4.8158
8/13/2019 13:57:24;22.026862026862;22.025641025641;46.7643467643468;46.7887667887668;460.31746031746;456.654456654457;-4.85;-4.85
8/13/2019 13:58:30;22.026862026862;22.029304029304;46.6910866910867;46.8473748473748;452.991452991453;454.578754578755;-4.85;-4.85
8/13/2019 13:59:30;22.002442002442;22.023199023199;46.4468864468864;46.4688644688645;435.897435897436;442.735042735043;-4.508;-4.8158
8/13/2019 14:00:30;22.026862026862;22.026862026862;46.7887667887668;46.6398046398046;438.339438339438;441.391941391941;-4.85;-4.85
8/13/2019 14:01:30;22.002442002442;22.017094017094;46.7887667887668;46.8131868131868;446.886446886447;443.101343101343;-4.508;-4.8158
8/13/2019 14:02:30;22.026862026862;22.02442002442;47.0818070818071;46.9230769230769;459.096459096459;445.787545787546;-4.85;-4.7816
8/13/2019 14:03:30;22.026862026862;22.026862026862;47.0818070818071;46.981684981685;446.886446886447;450.30525030525;-4.85;-4.85
8/13/2019 14:04:30;22.026862026862;22.028083028083;46.9108669108669;47.1819291819292;444.444444444444;444.078144078144;-4.85;-4.85
8/13/2019 14:05:30;22.026862026862;22.019536019536;46.6666666666667;46.6837606837607;446.886446886447;443.223443223443;-4.85;-4.85
8/13/2019 14:06:36;22.026862026862;22.023199023199;46.8864468864469;46.8986568986569;439.56043956044;440.415140415141;-4.85;-4.85
8/13/2019 14:07:36;22.026862026862;22.023199023199;47.0818070818071;46.8693528693529;434.676434676435;437.851037851038;-4.85;-4.85
8/13/2019 14:08:36;22.039072039072;22.026862026862;47.3260073260073;47.2673992673992;440.781440781441;436.630036630037;-4.85;-4.85
8/13/2019 14:09:36;22.002442002442;22.028083028083;46.9108669108669;47.1086691086691;442.002442002442;437.728937728938;-4.85;-4.85
8/13/2019 14:10:36;22.026862026862;22.02442002442;46.8864468864469;46.9059829059829;442.002442002442;442.002442002442;-4.85;-4.85
8/13/2019 14:11:42;22.039072039072;22.023199023199;46.9108669108669;46.8083028083028;442.002442002442;444.566544566545;-4.85;-4.85
8/13/2019 14:12:42;22.026862026862;22.023199023199;46.6666666666667;46.7472527472527;434.676434676435;443.467643467643;-4.85;-4.85
8/13/2019 14:13:48;22.026862026862;22.019536019536;46.8376068376068;46.7423687423687;439.56043956044;439.438339438339;-4.85;-4.85
8/13/2019 14:14:48;22.039072039072;22.018315018315;46.8376068376068;46.9157509157509;439.56043956044;438.705738705739;-4.85;-4.85
8/13/2019 14:15:48;22.002442002442;22.017094017094;46.6910866910867;46.7496947496947;435.897435897436;436.996336996337;-4.85;-4.85
8/13/2019 14:16:48;22.026862026862;22.019536019536;47.008547008547;46.8278388278388;435.897435897436;437.240537240537;-4.85;-4.85
8/13/2019 14:17:48;22.026862026862;22.021978021978;47.3015873015873;47.2405372405372;438.339438339438;437.851037851038;-4.85;-4.85
8/13/2019 14:18:48;22.026862026862;22.017094017094;46.9108669108669;47.1086691086691;440.781440781441;441.269841269841;-4.85;-4.8158
8/13/2019 14:19:48;22.026862026862;22.01221001221;46.9352869352869;46.8791208791209;439.56043956044;438.461538461539;-4.85;-4.85
8/13/2019 14:20:48;22.026862026862;22.017094017094;47.2527472527472;47.1086691086691;435.897435897436;438.095238095238;-4.508;-4.8158
8/13/2019 14:21:48;22.026862026862;22.017094017094;47.1306471306471;47.1428571428571;426.129426129426;435.286935286935;-4.85;-4.85
8/13/2019 14:22:48;22.002442002442;22.009768009768;47.2527472527472;47.2551892551892;435.897435897436;430.891330891331;-4.85;-4.8158
8/13/2019 14:23:48;22.002442002442;22.01221001221;47.008547008547;47.1672771672771;423.687423687424;428.571428571429;-4.85;-4.85
8/13/2019 14:24:48;22.026862026862;22.017094017094;46.8864468864469;46.9450549450549;423.687423687424;425.396825396825;-4.85;-4.85
8/13/2019 14:25:48;22.026862026862;22.007326007326;47.008547008547;47.067155067155;432.234432234432;426.984126984127;-4.85;-4.85
8/13/2019 14:26:48;22.002442002442;22.01221001221;47.1550671550672;47.1013431013431;433.455433455433;431.868131868132;-4.85;-4.85
8/13/2019 14:27:54;22.002442002442;22.009768009768;47.3015873015873;47.1648351648351;434.676434676435;434.798534798535;-4.85;-4.85
8/13/2019 14:28:54;22.002442002442;22.009768009768;47.4481074481074;47.3748473748474;427.350427350427;431.501831501831;-4.85;-4.85
8/13/2019 14:29:54;22.002442002442;22.014652014652;47.4481074481074;47.3894993894994;427.350427350427;431.135531135531;-4.85;-4.8158
8/13/2019 14:30:54;22.002442002442;22.019536019536;47.6923076923077;47.5042735042735;427.350427350427;428.449328449328;-4.85;-4.85
8/13/2019 14:31:54;22.026862026862;22.02442002442;47.1306471306471;47.4236874236874;423.687423687424;428.815628815629;-4.85;-4.85
8/13/2019 14:32:54;22.026862026862;22.021978021978;47.3260073260073;47.2087912087912;422.466422466423;422.466422466422;-4.85;-4.85
8/13/2019 14:33:54;22.026862026862;22.017094017094;47.5457875457875;47.4993894993895;422.466422466423;421.245421245421;-4.85;-4.8158
8/13/2019 14:34:54;22.026862026862;22.014652014652;47.960927960928;47.7167277167277;416.361416361416;418.925518925519;-4.85;-4.85
8/13/2019 14:35:54;22.002442002442;22.010989010989;47.4725274725275;47.5897435897436;421.245421245421;420.26862026862;-4.85;-4.85
8/13/2019 14:36:54;22.002442002442;22.01221001221;47.3748473748474;47.4334554334554;423.687423687424;424.053724053724;-4.85;-4.85
8/13/2019 14:37:54;22.026862026862;22.008547008547;47.8388278388278;47.7069597069597;428.571428571429;426.862026862027;-4.85;-4.85
8/13/2019 14:38:54;22.026862026862;22.009768009768;47.8388278388278;47.8852258852259;427.350427350427;423.443223443223;-4.85;-4.8158
8/13/2019 14:39:54;22.026862026862;22.017094017094;47.8144078144078;47.8901098901099;427.350427350427;427.716727716728;-4.508;-4.8158
8/13/2019 14:41:00;22.026862026862;22.014652014652;47.7167277167277;47.7191697191697;429.79242979243;430.891330891331;-4.85;-4.85
8/13/2019 14:42:00;22.002442002442;22.003663003663;47.960927960928;48.026862026862;429.79242979243;427.960927960928;-4.85;-4.85
8/13/2019 14:43:00;22.002442002442;22.007326007326;47.7655677655678;47.7631257631258;429.79242979243;429.54822954823;-4.85;-4.85
8/13/2019 14:44:00;22.026862026862;22.009768009768;47.7655677655678;47.7704517704518;427.350427350427;432.234432234432;-4.85;-4.85
8/13/2019 14:45:00;22.002442002442;22.01221001221;48.1807081807082;48.021978021978;439.56043956044;427.350427350427;-4.85;-4.8158
8/13/2019 14:46:00;22.026862026862;22.009768009768;48.6446886446886;48.7619047619048;438.339438339438;430.40293040293;-4.85;-4.85
8/13/2019 14:47:00;22.002442002442;22.01221001221;47.960927960928;48.1074481074481;427.350427350427;427.960927960928;-4.85;-4.85
8/13/2019 14:48:00;22.026862026862;22.01221001221;48.0586080586081;48.026862026862;426.129426129426;426.251526251526;-4.85;-4.85
8/13/2019 14:49:00;22.002442002442;22.01221001221;48.5958485958486;48.3028083028083;422.466422466423;423.443223443223;-4.85;-4.85
8/13/2019 14:50:00;22.026862026862;22.014652014652;48.2783882783883;48.2881562881563;426.129426129426;425.641025641026;-4.85;-4.85
8/13/2019 14:51:00;22.026862026862;22.019536019536;49.0842490842491;48.7008547008547;426.129426129426;423.199023199023;-4.85;-4.85
8/13/2019 14:52:00;22.026862026862;22.019536019536;48.2051282051282;48.6593406593407;435.897435897436;430.525030525031;-4.85;-4.85
8/13/2019 14:53:00;22.026862026862;22.014652014652;48.1807081807082;48.1782661782662;432.234432234432;429.79242979243;-4.85;-4.85
8/13/2019 14:54:00;22.002442002442;22.01221001221;48.3516483516484;48.2637362637363;434.676434676435;435.286935286935;-4.85;-4.85
8/13/2019 14:55:00;22.002442002442;22.01221001221;48.2539682539683;48.3492063492063;433.455433455433;433.699633699634;-4.85;-4.85
8/13/2019 14:56:00;22.026862026862;22.014652014652;48.4004884004884;48.3980463980464;421.245421245421;426.373626373626;-4.85;-4.8158
8/13/2019 14:57:00;22.026862026862;22.014652014652;48.3516483516484;48.3101343101343;432.234432234432;426.862026862027;-4.85;-4.85
8/13/2019 14:58:00;22.026862026862;22.014652014652;48.5958485958486;48.8669108669109;435.897435897436;430.15873015873;-4.85;-4.85
8/13/2019 14:59:00;22.002442002442;22.01221001221;48.2783882783883;48.4395604395604;435.897435897436;434.676434676435;-4.85;-4.85
8/13/2019 15:00:00;22.026862026862;22.019536019536;49.3040293040293;48.8595848595849;438.339438339438;436.996336996337;-4.85;-4.85
8/13/2019 15:01:00;22.026862026862;22.014652014652;48.7912087912088;49.042735042735;433.455433455433;435.286935286935;-4.85;-4.85
8/13/2019 15:02:06;22.026862026862;22.014652014652;48.4004884004884;48.4590964590965;438.339438339438;433.577533577534;-4.85;-4.85
8/13/2019 15:03:06;22.002442002442;22.01221001221;48.5958485958486;48.5152625152625;434.676434676435;433.577533577534;-4.85;-4.85
8/13/2019 15:04:06;22.026862026862;22.017094017094;48.8156288156288;48.7814407814408;435.897435897436;432.234432234432;-4.85;-4.7816
8/13/2019 15:05:06;22.002442002442;22.019536019536;48.5958485958486;48.6617826617827;439.56043956044;437.851037851038;-4.85;-4.85
8/13/2019 15:06:06;22.026862026862;22.021978021978;49.0598290598291;48.8351648351648;439.56043956044;439.56043956044;-4.85;-4.85
8/13/2019 15:07:06;22.026862026862;22.017094017094;48.5958485958486;48.7716727716728;438.339438339438;437.851037851038;-4.85;-4.85
8/13/2019 15:08:06;22.026862026862;22.009768009768;49.0598290598291;48.8253968253968;434.676434676435;437.240537240537;-4.85;-4.85
8/13/2019 15:09:06;22.026862026862;22.017094017094;49.1330891330891;49.0891330891331;434.676434676435;435.409035409035;-4.85;-4.85
8/13/2019 15:10:12;22.002442002442;22.020757020757;49.0598290598291;49.018315018315;429.79242979243;430.891330891331;-4.85;-4.85
8/13/2019 15:11:12;22.026862026862;22.021978021978;49.3040293040293;49.1819291819292;432.234432234432;429.67032967033;-4.85;-4.85
8/13/2019 15:12:12;22.039072039072;22.023199023199;49.5238095238095;49.2673992673993;429.79242979243;428.571428571429;-4.85;-4.85
8/13/2019 15:13:12;22.026862026862;22.025641025641;49.7191697191697;49.6043956043956;422.466422466423;427.228327228327;-4.85;-4.85
8/13/2019 15:14:18;22.026862026862;22.025641025641;49.7191697191697;49.5775335775336;429.79242979243;428.205128205128;-4.85;-4.85
8/13/2019 15:15:18;22.039072039072;22.030525030525;49.7680097680098;49.7338217338217;415.140415140415;424.542124542125;-4.85;-4.85
8/13/2019 15:16:18;22.026862026862;22.028083028083;49.5238095238095;49.6556776556777;422.466422466423;423.321123321123;-4.85;-4.85
8/13/2019 15:17:18;22.026862026862;22.032967032967;49.7680097680098;49.4798534798535;423.687423687424;424.297924297924;-4.85;-4.85
8/13/2019 15:18:18;22.026862026862;22.029304029304;49.6947496947497;49.6239316239316;423.687423687424;423.321123321123;-4.85;-4.85
8/13/2019 15:19:18;22.026862026862;22.032967032967;49.7680097680098;49.8266178266178;428.571428571429;428.083028083028;-4.85;-4.85
8/13/2019 15:20:18;22.026862026862;22.032967032967;49.7191697191697;49.7484737484737;422.466422466423;429.181929181929;-4.508;-4.8158
8/13/2019 15:21:18;22.039072039072;22.035409035409;50.1953601953602;49.956043956044;439.56043956044;429.426129426129;-4.85;-4.85
8/13/2019 15:22:18;22.039072039072;22.03663003663;49.8412698412698;50.1037851037851;435.897435897436;433.821733821734;-4.85;-4.85
8/13/2019 15:23:24;22.039072039072;22.035409035409;49.9145299145299;49.8510378510379;428.571428571429;432.478632478633;-4.85;-4.85
8/13/2019 15:24:24;22.026862026862;22.034188034188;49.8412698412698;49.8290598290598;434.676434676435;434.798534798535;-4.85;-4.85
8/13/2019 15:25:24;22.039072039072;22.035409035409;50.1953601953602;50.1892551892552;428.571428571429;431.746031746032;-4.85;-4.85
8/13/2019 15:26:24;22.039072039072;22.03663003663;49.8901098901099;50.041514041514;427.350427350427;426.495726495726;-4.85;-4.8158
8/13/2019 15:27:24;22.039072039072;22.039072039072;49.8412698412698;49.7728937728938;426.129426129426;423.076923076923;-4.85;-4.85
8/13/2019 15:28:24;22.039072039072;22.03663003663;50.6105006105006;50.2136752136752;423.687423687424;421.001221001221;-4.85;-4.85
8/13/2019 15:29:24;22.039072039072;22.041514041514;50.3174603174603;50.4078144078144;426.129426129426;425.763125763126;-4.85;-4.85
8/13/2019 15:30:30;22.039072039072;22.045177045177;50.1953601953602;50.2124542124542;439.56043956044;427.228327228327;-4.85;-4.85
8/13/2019 15:31:30;22.039072039072;22.041514041514;50.1953601953602;50.1465201465201;423.687423687424;426.373626373626;-4.85;-4.85
8/13/2019 15:32:30;22.0512820512821;22.043956043956;50.4151404151404;50.2490842490842;432.234432234432;428.449328449328;-4.85;-4.8158
8/13/2019 15:33:30;22.039072039072;22.04884004884;50.5860805860806;50.5934065934066;423.687423687424;425.030525030525;-4.85;-4.85
8/13/2019 15:34:30;22.0512820512821;22.050061050061;50.6105006105006;50.6691086691087;423.687423687424;427.594627594627;-4.85;-4.85
8/13/2019 15:35:30;22.0634920634921;22.050061050061;50.4151404151404;50.4297924297924;423.687423687424;426.129426129426;-4.85;-4.85
8/13/2019 15:36:30;22.0512820512821;22.052503052503;50.4151404151404;50.4004884004884;426.129426129426;424.420024420024;-4.85;-4.85
8/13/2019 15:37:30;22.039072039072;22.050061050061;50.2930402930403;50.3589743589744;426.129426129426;428.815628815629;-4.85;-4.85
8/13/2019 15:38:30;22.0512820512821;22.051282051282;50.6105006105006;50.4957264957265;434.676434676435;427.228327228327;-4.85;-4.85
8/13/2019 15:39:30;22.0512820512821;22.0573870573871;50.8302808302808;50.7545787545788;433.455433455433;433.943833943834;-4.85;-4.85
8/13/2019 15:40:30;22.0512820512821;22.0573870573871;50.7326007326007;50.7912087912088;432.234432234432;431.135531135531;-4.85;-4.85
8/13/2019 15:41:36;22.0512820512821;22.0573870573871;50.6593406593407;50.7472527472527;429.79242979243;429.304029304029;-4.85;-4.85
8/13/2019 15:42:36;22.0634920634921;22.0586080586081;51.050061050061;50.8840048840049;428.571428571429;425.274725274725;-4.85;-4.85
8/13/2019 15:43:36;22.0634920634921;22.0610500610501;50.8302808302808;50.984126984127;421.245421245421;427.472527472528;-4.85;-4.85
8/13/2019 15:44:36;22.0512820512821;22.0610500610501;50.5860805860806;50.7741147741148;420.02442002442;426.007326007326;-4.85;-4.8158
8/13/2019 15:45:36;22.0879120879121;22.0671550671551;51.2454212454212;50.971916971917;420.02442002442;421.245421245421;-4.85;-4.85
8/13/2019 15:46:36;22.0634920634921;22.0683760683761;51.0744810744811;51.2136752136752;422.466422466423;424.297924297924;-4.85;-4.85
8/13/2019 15:47:36;22.0634920634921;22.0708180708181;50.6593406593407;50.7887667887668;417.582417582418;421.001221001221;-4.85;-4.85
8/13/2019 15:48:36;22.0634920634921;22.0659340659341;51.2454212454212;50.9450549450549;427.350427350427;425.152625152625;-4.85;-4.85
8/13/2019 15:49:36;22.0879120879121;22.0781440781441;51.4896214896215;51.4676434676435;426.129426129426;429.67032967033;-4.85;-4.85
8/13/2019 15:50:36;22.0879120879121;22.0757020757021;51.0989010989011;51.3382173382173;427.350427350427;429.059829059829;-4.85;-4.85
8/13/2019 15:51:36;22.0634920634921;22.0805860805861;50.8302808302808;51.030525030525;420.02442002442;425.274725274725;-4.85;-4.85
8/13/2019 15:52:36;22.0634920634921;22.0805860805861;50.7081807081807;50.8205128205128;432.234432234432;426.617826617827;-4.85;-4.85
8/13/2019 15:53:36;22.0879120879121;22.0732600732601;50.7081807081807;50.6568986568987;421.245421245421;418.925518925519;-4.85;-4.85
8/13/2019 15:54:36;22.0634920634921;22.0757020757021;50.8547008547009;50.7960927960928;421.245421245421;423.076923076923;-4.85;-4.85
8/13/2019 15:55:36;22.0879120879121;22.0732600732601;50.8058608058608;50.8058608058608;426.129426129426;423.199023199023;-4.85;-4.85
8/13/2019 15:56:36;22.0879120879121;22.0781440781441;50.5860805860806;50.6837606837607;428.571428571429;425.641025641026;-4.85;-4.85
8/13/2019 15:57:36;22.0879120879121;22.0866910866911;50.8302808302808;50.8424908424908;423.687423687424;422.954822954823;-4.85;-4.85
8/13/2019 15:58:36;22.1001221001221;22.0842490842491;50.9523809523809;50.7057387057387;422.466422466423;425.030525030525;-4.85;-4.85
8/13/2019 15:59:36;22.0879120879121;22.0891330891331;51.0744810744811;51.047619047619;422.466422466423;422.954822954823;-4.85;-4.85
8/13/2019 16:00:36;22.0879120879121;22.0940170940171;50.8302808302808;50.9450549450549;423.687423687424;424.786324786325;-4.85;-4.8158
8/13/2019 16:01:42;22.0879120879121;22.0903540903541;50.7814407814408;50.8595848595849;426.129426129426;421.489621489621;-4.85;-4.85
8/13/2019 16:02:42;22.0879120879121;22.0915750915751;51.001221001221;50.989010989011;421.245421245421;424.786324786325;-4.85;-4.85
8/13/2019 16:03:42;22.1001221001221;22.0964590964591;51.050061050061;50.974358974359;426.129426129426;418.070818070818;-4.85;-4.85
8/13/2019 16:04:42;22.0879120879121;22.0940170940171;50.9523809523809;51.1282051282051;426.129426129426;425.396825396825;-4.85;-4.8158
8/13/2019 16:05:42;22.0879120879121;22.0964590964591;50.9523809523809;51.1501831501831;428.571428571429;427.594627594628;-4.85;-4.85
8/13/2019 16:06:42;22.1001221001221;22.0989010989011;51.3186813186813;51.2112332112332;428.571428571429;428.083028083028;-4.85;-4.85
8/13/2019 16:07:48;22.1123321123321;22.1050061050061;51.1721611721612;51.1819291819292;426.129426129426;427.350427350427;-4.85;-4.85
8/13/2019 16:08:48;22.1001221001221;22.1013431013431;50.8791208791209;50.9474969474969;426.129426129426;424.786324786325;-4.85;-4.85
8/13/2019 16:09:48;22.1123321123321;22.1025641025641;50.7814407814408;50.8180708180708;428.571428571429;428.205128205128;-4.85;-4.7816
8/13/2019 16:10:48;22.1123321123321;22.1050061050061;51.001221001221;51.023199023199;428.571428571429;426.007326007326;-4.85;-4.85
8/13/2019 16:11:48;22.1001221001221;22.0989010989011;51.1965811965812;50.989010989011;426.129426129426;425.518925518926;-4.85;-4.85
8/13/2019 16:12:48;22.1123321123321;22.1013431013431;50.8791208791209;50.9426129426129;420.02442002442;422.222222222222;-4.85;-4.85
8/13/2019 16:13:48;22.1123321123321;22.1098901098901;51.0744810744811;50.8937728937729;415.140415140415;416.849816849817;-4.85;-4.85
8/13/2019 16:14:48;22.1123321123321;22.1062271062271;51.1721611721612;51.1672771672772;420.02442002442;421.611721611722;-4.85;-4.85
8/13/2019 16:15:48;22.1123321123321;22.1123321123321;50.9523809523809;50.981684981685;428.571428571429;425.274725274725;-4.85;-4.85
8/13/2019 16:16:48;22.1123321123321;22.1111111111111;51.1721611721612;50.9279609279609;428.571428571429;426.862026862027;-4.85;-4.85
8/13/2019 16:17:48;22.1123321123321;22.1123321123321;51.1233211233211;51.2210012210012;420.02442002442;423.443223443223;-4.85;-4.85
8/13/2019 16:18:48;22.1245421245421;22.1184371184371;51.6117216117216;51.3089133089133;423.687423687424;422.222222222222;-4.85;-4.85
8/13/2019 16:19:48;22.1123321123321;22.1196581196581;51.1965811965812;51.3577533577534;423.687423687424;421.978021978022;-4.85;-4.85
8/13/2019 16:20:48;22.1245421245421;22.1159951159951;51.0989010989011;51.1746031746032;417.582417582418;415.140415140415;-4.85;-4.85
8/13/2019 16:21:48;22.1123321123321;22.1123321123321;50.7326007326007;50.8962148962149;423.687423687424;425.518925518925;-4.85;-4.85
8/13/2019 16:22:48;22.1245421245421;22.1172161172161;51.4163614163614;51.2014652014652;421.245421245421;422.710622710623;-4.85;-4.8158
8/13/2019 16:23:48;22.1245421245421;22.1196581196581;51.4163614163614;51.3870573870574;427.350427350427;424.786324786325;-4.85;-4.85
8/13/2019 16:24:48;22.1245421245421;22.1245421245421;51.3675213675214;51.4017094017094;428.571428571429;424.908424908425;-4.85;-4.85
8/13/2019 16:25:48;22.1245421245421;22.1233211233211;51.3675213675214;51.3186813186813;427.350427350427;426.251526251526;-4.85;-4.7816
8/13/2019 16:26:54;22.1245421245421;22.1245421245421;51.3675213675214;51.3699633699634;429.79242979243;425.763125763126;-4.85;-4.85
8/13/2019 16:27:54;22.1489621489621;22.1282051282051;51.4163614163614;51.3870573870574;422.466422466423;425.152625152625;-4.85;-4.8158
8/13/2019 16:28:54;22.1489621489621;22.1294261294261;51.4163614163614;51.3943833943834;427.350427350427;428.083028083028;-4.85;-4.85
8/13/2019 16:29:54;22.1245421245421;22.1294261294261;51.1965811965812;51.2967032967033;421.245421245421;423.443223443223;-4.85;-4.85
8/13/2019 16:30:54;22.1245421245421;22.1367521367521;51.3675213675214;51.3260073260073;417.582417582418;422.466422466422;-4.85;-4.85
8/13/2019 16:31:54;22.1489621489621;22.1489621489621;51.0744810744811;51.1062271062271;420.02442002442;421.978021978022;-4.85;-4.85
8/13/2019 16:32:54;22.1489621489621;22.1501831501831;50.7326007326007;50.9474969474969;420.02442002442;420.14652014652;-4.85;-4.85
8/13/2019 16:33:54;22.1489621489621;22.1489621489621;51.1965811965812;50.8962148962149;423.687423687424;419.78021978022;-4.508;-4.7474
8/13/2019 16:34:54;22.1489621489621;22.1465201465201;51.1721611721612;51.2087912087912;417.582417582418;424.053724053724;-4.85;-4.8158
8/13/2019 16:35:54;22.1611721611722;22.1514041514041;51.0744810744811;51.040293040293;409.035409035409;419.413919413919;-4.85;-4.85
8/13/2019 16:36:54;22.1611721611722;22.1575091575092;50.7814407814408;50.8864468864469;416.361416361416;418.559218559219;-4.85;-4.85
8/13/2019 16:37:54;22.1611721611722;22.1575091575092;50.7326007326007;50.6910866910867;416.361416361416;415.628815628816;-4.85;-4.85
8/13/2019 16:39:00;22.1489621489621;22.1599511599512;50.7081807081807;50.6007326007326;420.02442002442;421.123321123321;-4.85;-4.85
8/13/2019 16:40:00;22.1733821733822;22.1623931623932;50.7814407814408;50.7789987789988;421.245421245421;422.344322344322;-4.85;-4.85
8/13/2019 16:41:00;22.1611721611722;22.1648351648352;50.7081807081807;50.7863247863248;416.361416361416;419.65811965812;-4.85;-4.85
8/13/2019 16:42:00;22.1733821733822;22.1672771672772;50.7326007326007;50.7350427350427;412.698412698413;417.338217338217;-4.85;-4.85
8/13/2019 16:43:00;22.1733821733822;22.1660561660562;50.7326007326007;50.6837606837607;421.245421245421;419.291819291819;-4.85;-4.85
8/13/2019 16:44:00;22.1733821733822;22.1697191697192;50.7326007326007;50.7326007326007;412.698412698413;419.65811965812;-4.85;-4.85
8/13/2019 16:45:06;22.1733821733822;22.1721611721612;50.7326007326007;50.6056166056166;421.245421245421;425.518925518926;-4.85;-4.85
8/13/2019 16:46:06;22.1733821733822;22.1733821733822;50.8302808302808;50.7716727716728;421.245421245421;419.78021978022;-4.85;-4.85
8/13/2019 16:47:06;22.1733821733822;22.1746031746032;50.3174603174603;50.5201465201465;422.466422466423;421.489621489622;-4.85;-4.85
8/13/2019 16:48:06;22.1855921855922;22.1770451770452;50.7081807081807;50.5470085470085;420.02442002442;420.634920634921;-4.85;-4.85
8/13/2019 16:49:06;22.1855921855922;22.1782661782662;50.7326007326007;50.6959706959707;417.582417582418;420.14652014652;-4.85;-4.8158
8/13/2019 16:50:06;22.1733821733822;22.1794871794872;50.4884004884005;50.6275946275946;417.582417582418;417.704517704518;-4.85;-4.85
8/13/2019 16:51:06;22.1733821733822;22.1794871794872;50.5372405372405;50.5030525030525;412.698412698413;417.216117216117;-4.85;-4.85
8/13/2019 16:52:06;22.1733821733822;22.1807081807082;50.3663003663004;50.6398046398046;420.02442002442;418.925518925519;-4.508;-4.8158
8/13/2019 16:53:06;22.1855921855922;22.1819291819292;50.04884004884;50.2246642246642;426.129426129426;421.367521367521;-4.508;-4.7474
8/13/2019 16:54:06;22.1855921855922;22.1819291819292;50.04884004884;50.0744810744811;415.140415140415;424.175824175824;-4.85;-4.8158
8/13/2019 16:55:06;22.2100122100122;22.1892551892552;50.4639804639805;50.2442002442002;417.582417582418;420.512820512821;-4.85;-4.85
8/13/2019 16:56:06;22.1855921855922;22.1929181929182;49.98778998779;50.1868131868132;417.582417582418;419.78021978022;-4.85;-4.85
8/13/2019 16:57:06;22.2100122100122;22.1929181929182;50.2197802197802;50.1904761904762;417.582417582418;416.727716727717;-4.85;-4.85
8/13/2019 16:58:12;22.2100122100122;22.2051282051282;49.9145299145299;50.1025641025641;421.245421245421;420.26862026862;-4.85;-4.85
8/13/2019 16:59:12;22.2100122100122;22.2051282051282;49.7680097680098;49.7826617826618;420.02442002442;420.390720390721;-4.85;-4.7816
8/13/2019 17:00:18;22.2100122100122;22.2063492063492;49.5482295482296;49.7142857142857;421.245421245421;417.826617826618;-4.85;-4.85
